model,test_f1,hand_written_f1,hand_written_lenient_acc,drop,padded_f1,noise10_f1,noise20_f1,unknown_auroc,unknown_accepted
laya_zeroshot,0.907,0.715,0.806,0.192,0.886,0.667,0.454,0.9,0.4
minilm_logreg,0.992,0.68,0.806,0.312,0.963,0.762,0.515,0.996,0.0
setfit_k64,0.969,0.657,0.769,0.311,0.953,0.679,0.446,0.995,0.0
setfit_k8,0.927,0.609,0.731,0.318,0.901,0.609,0.395,0.991,0.0
minilm_ft,0.997,0.574,0.704,0.423,0.98,0.843,0.63,0.997,0.0
xlnet_ft,0.997,0.552,0.685,0.445,0.813,0.87,0.653,0.998,0.0
minilm_zeroshot,0.728,0.53,0.639,0.198,0.658,0.465,0.283,0.913,0.467
laya_encoder_logreg,0.974,0.489,0.611,0.486,0.285,0.582,0.306,0.943,0.3
distilbert_ft,0.996,0.418,0.546,0.578,0.952,0.831,0.611,0.997,0.0
tfidf_logreg,0.991,0.409,0.472,0.582,0.987,0.799,0.551,0.989,0.067
tfidf_svc,0.999,0.381,0.472,0.618,0.989,0.96,0.864,1.0,0.0
