task,model,family,accuracy,balanced_acc,macro_f1,weighted_f1,macro_precision,macro_recall,train_s,infer_ms,size_mb,n_params,notes,top3_accuracy,ARI,NMI,V_measure,purity,hungarian_acc,n_clusters,noise_frac,silhouette
intent_classification,tfidf_word+char+linsvc,traditional,0.9991675915649278,0.9991183009902345,0.9991356010536309,0.9991675178223423,0.9991573635368924,0.9991183009902345,8.012907899999846,1.5222500023810426,1.96,,,,,,,,,,,
intent_classification,minilm_finetuned,deep,0.9969478357380688,0.996819464580629,0.9966418554294243,0.9969480298245142,0.9965154197863486,0.996819464580629,46.87785570000051,5.522049999854062,87.38,22723611.0,"fine-tuned sentence-transformers/all-MiniLM-L6-v2, best-val checkpoint",0.9994450610432852,,,,,,,,
intent_classification,distilbert_finetuned,deep,0.9961154273029966,0.9955821009221002,0.9955781068474574,0.9961166621639963,0.9955797074802989,0.9955821009221002,82.87067589999788,6.128850000095554,256.18,66974235.0,"fine-tuned distilbert-base-uncased, best-val checkpoint",1.0,,,,,,,,
intent_classification,minilm+linsvc,embedding,0.9952830188679245,0.9946596401560801,0.994591280129307,0.9952816813281593,0.9945631436727814,0.9946596401560801,7.68979760000002,6.161500000214437,0.08,,frozen MiniLM encoder; latency includes encoding,,,,,,,,,
intent_classification,minilm+mlp256,embedding,0.9938956714761377,0.9932502423720352,0.9932954426389224,0.9938954623752392,0.9933625743105607,0.9932502423720352,3.382828400001017,6.161500000214437,1.12,,frozen MiniLM encoder; latency includes encoding,0.9991675915649278,,,,,,,,
intent_classification,minilm+logreg,embedding,0.9930632630410655,0.9921897280869444,0.9922681600837242,0.9930655909416006,0.992382107227177,0.9921897280869444,0.7939726999975392,6.161500000214437,0.04,,frozen MiniLM encoder; latency includes encoding,0.9994450610432852,,,,,,,,
intent_classification,tfidf_word+logreg,traditional,0.9922308546059934,0.9905345835868593,0.9912481868280089,0.9922104604548108,0.9921516377381364,0.9905345835868593,0.9194677000014053,0.6270499998208834,0.92,,,0.9997225305216426,,,,,,,,
intent_classification,textcnn_scratch,deep,0.9911209766925638,0.9897767932404018,0.9901916040056464,0.9911209154545889,0.9906832246690276,0.9897767932404018,12.0679947000026,1.1407000001781853,1.4,360475.0,"no pretraining, 12 epochs, best-val checkpoint",0.9991675915649278,,,,,,,,
intent_classification,tfidf_word+sgd_hinge,traditional,0.9897336293007769,0.9879660156106874,0.9884795252726036,0.9897208484324458,0.9890946613554802,0.9879660156106874,0.7594772999982524,1.0092499996972037,0.2,,,0.994173140954495,,,,,,,,
intent_classification,minilm+knn5_cosine,embedding,0.9891786903440621,0.9879837607422582,0.988308716812665,0.9891751224800021,0.9887629017328243,0.9879837607422582,0.0354406000005838,6.161500000214437,22.93,,frozen MiniLM encoder; latency includes encoding,0.9977802441731409,,,,,,,,
intent_classification,tfidf_svd300+histgb,traditional,0.9797447280799112,0.9777969120641309,0.9784174348767364,0.9797742313647999,0.9792546747863697,0.9777969120641309,42.29243900000074,27.50354999989213,13.13,,,0.9955604883462819,,,,,,,,
intent_classification,tfidf_word+complementNB,traditional,0.9797447280799112,0.9774260784251979,0.9780669089148197,0.9796550717487036,0.9794253929090638,0.9774260784251979,0.31765119999909075,1.1053999987780116,1.0,,,0.9980577136514983,,,,,,,,
intent_classification,tfidf_word+randomforest,traditional,0.9786348501664817,0.9762206286965537,0.9764175409929094,0.9786674709683822,0.9768039041825569,0.9762206286965537,4.067169999998441,69.55554999876767,55.97,,,0.9986126526082131,,,,,,,,
intent_classification,minilm_prototype_all,embedding,0.9600443951165372,0.9537627687507053,0.955317061010615,0.9600436042670841,0.959606760953597,0.9537627687507053,0.0,6.061500000214437,,,"nearest class centroid, all shots/class",,,,,,,,,
intent_classification,minilm_prototype_k25,embedding,0.9553274139844617,0.9493944188338824,0.9507706509164606,0.9554297511508757,0.9547340159810006,0.9493944188338824,0.0,6.061500000214437,,,"nearest class centroid, 25 shots/class",,,,,,,,,
intent_classification,minilm_prototype_k50,embedding,0.9558823529411765,0.9494709642515069,0.9506487152905799,0.9558170923033354,0.9544534376913069,0.9494709642515069,0.0,6.061500000214437,,,"nearest class centroid, 50 shots/class",,,,,,,,,
intent_classification,minilm_prototype_k10,embedding,0.9195338512763596,0.9112695463720777,0.9105542476059455,0.9193828158542483,0.9126533035726256,0.9112695463720777,0.0,6.061500000214437,,,"nearest class centroid, 10 shots/class",,,,,,,,,
intent_classification,minilm_prototype_k5,embedding,0.876803551609323,0.8714592755960476,0.8662239302768671,0.8744392335698401,0.8752084883357821,0.8714592755960476,0.0,6.061500000214437,,,"nearest class centroid, 5 shots/class",,,,,,,,,
intent_classification,minilm_zeroshot_label_match,embedding,0.7386237513873474,0.7318589103563402,0.7280714724677557,0.7338603605644519,0.7472683854672343,0.7318589103563402,0.0,6.061500000214437,,,no training labels used; cosine vs auto-generated intent descriptions,0.9497780244173141,,,,,,,,
intent_classification,minilm_prototype_k1,embedding,0.704772475027747,0.7050643705197297,0.6835920039118437,0.6949733224412126,0.7285702118158163,0.7050643705197297,0.0,6.061500000214437,,,"nearest class centroid, 1 shots/class",,,,,,,,,
intent_classification,dummy_stratified,traditional,0.036903440621531634,0.034959733731999766,0.034944008719881604,0.0368256169136356,0.035084765638733355,0.034959733731999766,,,,,baseline floor,,,,,,,,,
intent_classification,dummy_most_frequent,traditional,0.041620421753607105,0.037037037037037035,0.00295980583673711,0.003326085915312235,0.0015414971019854483,0.037037037037037035,,,,,baseline floor,,,,,,,,,
