model,macro_f1,accuracy,infer_ms,source
tfidf_word+char+linsvc,0.9991356010536309,0.9991675915649278,1.5222500023810426,notebook 01
xlnet_finetuned,0.9973771189584832,0.9975027746947835,16.393499998230254,this notebook
minilm_finetuned,0.9966418554294243,0.9969478357380688,5.522049999854062,notebook 01
distilbert_finetuned,0.9955781068474574,0.9961154273029966,6.128850000095554,notebook 01
minilm+logreg,0.9922681600837242,0.9930632630410655,6.161500000214437,notebook 01
laya_encoder+logreg,0.9741956754449093,0.97669256381798,26.359600000432692,this notebook
setfit_minilm_k64,0.9685063318601336,0.9716981132075472,7.13989999894693,this notebook
setfit_minilm_k8,0.9268978740023323,0.9298002219755827,5.984699999316945,this notebook
minilm_prototype_k10,0.9105542476059455,0.9195338512763596,6.061500000214437,notebook 01
laya_zeroshot,0.9072828714841323,0.9145394006659268,71.95894999858865,this notebook
laya_zeroshot_shortlist8,0.8957384699980687,0.9053829078801332,56.67930000163324,this notebook
minilm_zeroshot_label_match,0.7280714724677557,0.7386237513873474,6.061500000214437,notebook 01
