task,family,best_model,macro_f1,train_s,infer_ms,wer
intent_classification,deep,minilm_finetuned,0.9966,46.87785570000051,5.522049999854062,
intent_classification,embedding,minilm+linsvc,0.9946,7.68979760000002,6.161500000214437,
intent_classification,traditional,tfidf_word+char+linsvc,0.9991,8.012907899999846,1.5222500023810426,
intent_latest_models,deep,xlnet_finetuned,0.9974,339.1120281000003,16.44750000014028,
intent_latest_models,embedding,laya_encoder+logreg,0.9742,0.762903599999845,25.5166500028281,
intent_robustness_shift,deep,distilbert_finetuned,0.9582,44.53269150000051,,
intent_robustness_shift,embedding,minilm+logreg,0.9779,1.0626207000022987,,
intent_robustness_shift,traditional,tfidf_word+char+linsvc,0.9943,2.328875199997128,,
priority_latest_models,deep,xlnet_finetuned,0.7557,61.925666200000705,19.171650001226226,
priority_latest_models,embedding,laya_encoder+logreg,0.7063,0.17371249999996508,28.15415000077337,
router_image_classification,deep,efficientnet_b0_finetuned,0.9728,405.5090651999999,12.65140000032261,
router_image_classification,embedding,efficientnet_b0_frozen+logreg,0.9774,0.15515760000198497,,
router_image_classification,traditional,colourhist+randomforest,0.7723,0.9912247000029311,80.08264999989478,
voice_asr,asr,faster_whisper_small,,,,0.1838
