model,family,macro_f1,accuracy,macro_f1_nb02,head_mb,backbone_mb,whole_mb,gpu_ms,cpu_ms,n_params
resnet18_frozen+logreg,frozen CNN,0.9566866661603504,0.9481481481481482,0.9566866661603504,0.04,42.7,42.74,5.828349999319471,19.500450000123237,11183181.0
resnet18_finetuned,fine-tuned,0.8999073689883961,0.9629629629629629,0.8999073689883961,,,42.74,4.98284999957832,18.40654999978142,11183181.0
mobilenet_v3_small_frozen+logreg,frozen CNN,0.9455984350721193,0.9555555555555556,0.9455984350721193,0.07,5.91,5.98,9.774799999831885,9.387099999912607,1531181.0
mobilenet_v3_small_finetuned,fine-tuned,0.948781407754983,0.9629629629629629,0.948781407754983,,,5.98,9.12994999998773,8.544950000214158,1531181.0
efficientnet_b0_frozen+logreg,frozen CNN,0.977384737503583,0.9703703703703703,0.977384737503583,0.09,15.55,15.64,14.520500000799075,20.838400000684487,4024201.0
efficientnet_b0_finetuned,fine-tuned,0.9728291081932032,0.9629629629629629,0.9728291081932032,,,15.65,13.501499999620137,19.75624999977299,4024201.0
hog+linsvc,classic,0.6365837319229432,0.7481481481481481,0.6365837319229432,,,0.51,,3.0861500008541043,
hog+logreg,classic,0.640895316910686,0.7703703703703704,0.640895316910686,,,0.3,,3.1330500005424256,
colourhist+randomforest,classic,0.772268848914572,0.8666666666666667,0.772268848914572,,,9.11,,46.67979999976524,
pixels32+pca128+logreg,classic,0.6578501699202668,0.7555555555555555,0.6578501699202668,,,1.41,,0.5287499998303247,
hog+colour+pca200+histgb,classic,0.7315495335237477,0.8518518518518519,0.7315495335237477,,,4.81,,32.56899999996676,
