call,whisper_tiny,whisper_base,whisper_small,faster_whisper_small,lang
1735404531.458927 (EN customer sup,0.37927565392354123,0.33601609657947684,0.2243460764587525,0.21428571428571427,en
1735547939.459048 (RU Account mana,0.9608826479438315,0.6509528585757272,0.4884653961885657,0.4754262788365095,ru
1735556115.459244 (PL customer ser,0.9372972972972973,0.7308108108108108,0.49513513513513513,0.4843243243243243,pl
1735560973.459326 (PL Account-Bill,0.8655405405405405,0.6905405405405406,0.41621621621621624,0.40878378378378377,pl
1738598108.49385 (FR Customer Supp,0.9125964010282777,0.9209511568123393,0.9106683804627249,0.9119537275064268,fr
1738598261.49391 (FR Sale),0.6888888888888889,0.5294685990338164,0.3458937198067633,0.28599033816425123,fr
1755884171.51632 (EN Support-Billi,0.3545163868904876,0.2565947242206235,0.16027178257394084,0.1586730615507594,en
1756465406.16342 (RU Pharma Sale),0.8690476190476191,0.9613095238095238,0.49107142857142855,0.47470238095238093,ru
1756469254.16578 (DE Sale),0.9398373983739837,0.583739837398374,0.45772357723577234,0.3975609756097561,de
1757078926.92210 (ES Billing or Ac,0.8583959899749374,0.6842105263157895,0.550125313283208,0.38471177944862156,es
1757338962.95612 (Portuguese Sale),0.8958185683912119,0.6442239546420978,0.4649184975194897,0.37420269312544296,pt
